metro_title,unemployment_rate_2023,NAME
"Anniston-Oxford, AL Metro Area",2.6,"Anniston-Oxford, AL Metro Area"
"Auburn-Opelika, AL Metro Area",2.3,"Auburn-Opelika, AL Metro Area"
"Birmingham, AL Metro Area",2.3,"Birmingham, AL Metro Area"
"Daphne-Fairhope-Foley, AL Metro Area",2.2,"Daphne-Fairhope-Foley, AL Metro Area"
"Decatur, AL Metro Area",2.1,"Decatur, AL Metro Area"
"Dothan, AL Metro Area",2.5,"Dothan, AL Metro Area"
"Florence-Muscle Shoals, AL Metro Area",2.6,"Florence-Muscle Shoals, AL Metro Area"
"Gadsden, AL Metro Area",2.5,"Gadsden, AL Metro Area"
"Huntsville, AL Metro Area",2.0,"Huntsville, AL Metro Area"
"Mobile, AL Metro Area",3.1,"Mobile, AL Metro Area"
"Montgomery, AL Metro Area",2.6,"Montgomery, AL Metro Area"
"Tuscaloosa, AL Metro Area",2.6,"Tuscaloosa, AL Metro Area"
"Anchorage, AK Metro Area",3.8,"Anchorage, AK Metro Area"
"Fairbanks-College, AK Metro Area",3.8,"Fairbanks-College, AK Metro Area"
"Flagstaff, AZ Metro Area",4.0,"Flagstaff, AZ Metro Area"
"Lake Havasu City-Kingman, AZ Metro Area",4.5,"Lake Havasu City-Kingman, AZ Metro Area"
"Phoenix-Mesa-Chandler, AZ Metro Area",3.2,"Phoenix-Mesa-Chandler, AZ Metro Area"
"Prescott Valley-Prescott, AZ Metro Area",3.6,"Prescott Valley-Prescott, AZ Metro Area"
"Sierra Vista-Douglas, AZ Metro Area",4.4,"Sierra Vista-Douglas, AZ Metro Area"
"Tucson, AZ Metro Area",3.6,"Tucson, AZ Metro Area"
"Yuma, AZ Metro Area",12.2,"Yuma, AZ Metro Area"
"Fayetteville-Springdale-Rogers, AR Metro Area",2.4,"Fayetteville-Springdale-Rogers, AR Metro Area"
"Fort Smith, AR-OK Metro Area",3.3,"Fort Smith, AR-OK Metro Area"
"Hot Springs, AR Metro Area",3.4,"Hot Springs, AR Metro Area"
"Jonesboro, AR Metro Area",2.8,"Jonesboro, AR Metro Area"
"Little Rock-North Little Rock-Conway, AR Metro Area",2.9,"Little Rock-North Little Rock-Conway, AR Metro Area"
"Bakersfield-Delano, CA Metro Area",8.2,"Bakersfield-Delano, CA Metro Area"
"Chico, CA Metro Area",5.2,"Chico, CA Metro Area"
"El Centro, CA Metro Area",17.6,"El Centro, CA Metro Area"
"Fresno, CA Metro Area",7.4,"Fresno, CA Metro Area"
"Hanford-Corcoran, CA Metro Area",8.5,"Hanford-Corcoran, CA Metro Area"
"Los Angeles-Long Beach-Anaheim, CA Metro Area",4.7,"Los Angeles-Long Beach-Anaheim, CA Metro Area"
"Merced, CA Metro Area",9.0,"Merced, CA Metro Area"
"Modesto, CA Metro Area",6.3,"Modesto, CA Metro Area"
"Napa, CA Metro Area",3.4,"Napa, CA Metro Area"
"Oxnard-Thousand Oaks-Ventura, CA Metro Area",4.2,"Oxnard-Thousand Oaks-Ventura, CA Metro Area"
"Redding, CA Metro Area",4.8,"Redding, CA Metro Area"
"Riverside-San Bernardino-Ontario, CA Metro Area",4.7,"Riverside-San Bernardino-Ontario, CA Metro Area"
"Sacramento-Roseville-Folsom, CA Metro Area",4.2,"Sacramento-Roseville-Folsom, CA Metro Area"
"Salinas, CA Metro Area",7.0,"Salinas, CA Metro Area"
"San Diego-Chula Vista-Carlsbad, CA Metro Area",3.7,"San Diego-Chula Vista-Carlsbad, CA Metro Area"
"San Francisco-Oakland-Fremont, CA Metro Area",3.6,"San Francisco-Oakland-Fremont, CA Metro Area"
"San Jose-Sunnyvale-Santa Clara, CA Metro Area",3.6,"San Jose-Sunnyvale-Santa Clara, CA Metro Area"
"San Luis Obispo-Paso Robles, CA Metro Area",3.6,"San Luis Obispo-Paso Robles, CA Metro Area"
"Santa Cruz-Watsonville, CA Metro Area",5.5,"Santa Cruz-Watsonville, CA Metro Area"
"Santa Maria-Santa Barbara, CA Metro Area",4.0,"Santa Maria-Santa Barbara, CA Metro Area"
"Santa Rosa-Petaluma, CA Metro Area",3.6,"Santa Rosa-Petaluma, CA Metro Area"
"Stockton-Lodi, CA Metro Area",6.0,"Stockton-Lodi, CA Metro Area"
"Vallejo, CA Metro Area",4.4,"Vallejo, CA Metro Area"
"Visalia, CA Metro Area",9.8,"Visalia, CA Metro Area"
"Yuba City, CA Metro Area",7.3,"Yuba City, CA Metro Area"
"Boulder, CO Metro Area",3.2,"Boulder, CO Metro Area"
"Colorado Springs, CO Metro Area",3.4,"Colorado Springs, CO Metro Area"
"Denver-Aurora-Centennial, CO Metro Area",3.2,"Denver-Aurora-Centennial, CO Metro Area"
"Fort Collins-Loveland, CO Metro Area",3.1,"Fort Collins-Loveland, CO Metro Area"
"Grand Junction, CO Metro Area",3.6,"Grand Junction, CO Metro Area"
"Greeley, CO Metro Area",3.5,"Greeley, CO Metro Area"
"Pueblo, CO Metro Area",4.7,"Pueblo, CO Metro Area"
"Bridgeport-Stamford-Danbury, CT Metro Area",3.1,"Bridgeport-Stamford-Danbury, CT Metro Area"
"Hartford-West Hartford-East Hartford, CT Metro Area",3.2,"Hartford-West Hartford-East Hartford, CT Metro Area"
"New Haven, CT Metro Area",3.2,"New Haven, CT Metro Area"
"Norwich-New London-Willimantic, CT Metro Area",3.2,"Norwich-New London-Willimantic, CT Metro Area"
"Waterbury-Shelton, CT Metro Area",3.7,"Waterbury-Shelton, CT Metro Area"
"Dover, DE Metro Area",4.1,"Dover, DE Metro Area"
"Washington-Arlington-Alexandria, DC-VA-MD-WV Metro Area",2.5,"Washington-Arlington-Alexandria, DC-VA-MD-WV Metro Area"
"Cape Coral-Fort Myers, FL Metro Area",3.3,"Cape Coral-Fort Myers, FL Metro Area"
"Crestview-Fort Walton Beach-Destin, FL Metro Area",2.7,"Crestview-Fort Walton Beach-Destin, FL Metro Area"
"Deltona-Daytona Beach-Ormond Beach, FL Metro Area",3.4,"Deltona-Daytona Beach-Ormond Beach, FL Metro Area"
"Gainesville, FL Metro Area",3.3,"Gainesville, FL Metro Area"
"Homosassa Springs, FL Metro Area",4.4,"Homosassa Springs, FL Metro Area"
"Jacksonville, FL Metro Area",3.1,"Jacksonville, FL Metro Area"
"Lakeland-Winter Haven, FL Metro Area",3.7,"Lakeland-Winter Haven, FL Metro Area"
"Miami-Fort Lauderdale-West Palm Beach, FL Metro Area",2.5,"Miami-Fort Lauderdale-West Palm Beach, FL Metro Area"
"Naples-Marco Island, FL Metro Area",3.0,"Naples-Marco Island, FL Metro Area"
"North Port-Bradenton-Sarasota, FL Metro Area",3.1,"North Port-Bradenton-Sarasota, FL Metro Area"
"Ocala, FL Metro Area",3.7,"Ocala, FL Metro Area"
"Orlando-Kissimmee-Sanford, FL Metro Area",2.9,"Orlando-Kissimmee-Sanford, FL Metro Area"
"Palm Bay-Melbourne-Titusville, FL Metro Area",3.1,"Palm Bay-Melbourne-Titusville, FL Metro Area"
"Panama City-Panama City Beach, FL Metro Area",3.0,"Panama City-Panama City Beach, FL Metro Area"
"Pensacola-Ferry Pass-Brent, FL Metro Area",3.1,"Pensacola-Ferry Pass-Brent, FL Metro Area"
"Port St. Lucie, FL Metro Area",3.4,"Port St. Lucie, FL Metro Area"
"Punta Gorda, FL Metro Area",3.7,"Punta Gorda, FL Metro Area"
"Sebastian-Vero Beach-West Vero Corridor, FL Metro Area",3.6,"Sebastian-Vero Beach-West Vero Corridor, FL Metro Area"
"Sebring, FL Metro Area",4.3,"Sebring, FL Metro Area"
"Tallahassee, FL Metro Area",3.1,"Tallahassee, FL Metro Area"
"Tampa-St. Petersburg-Clearwater, FL Metro Area",3.0,"Tampa-St. Petersburg-Clearwater, FL Metro Area"
"Wildwood-The Villages, FL Metro Area",5.2,"Wildwood-The Villages, FL Metro Area"
"Albany, GA Metro Area",3.9,"Albany, GA Metro Area"
"Athens-Clarke County, GA Metro Area",3.0,"Athens-Clarke County, GA Metro Area"
"Atlanta-Sandy Springs-Roswell, GA Metro Area",3.2,"Atlanta-Sandy Springs-Roswell, GA Metro Area"
"Augusta-Richmond County, GA-SC Metro Area",3.7,"Augusta-Richmond County, GA-SC Metro Area"
"Brunswick-St. Simons, GA Metro Area",2.9,"Brunswick-St. Simons, GA Metro Area"
"Columbus, GA-AL Metro Area",3.7,"Columbus, GA-AL Metro Area"
"Dalton, GA Metro Area",3.5,"Dalton, GA Metro Area"
"Gainesville, GA Metro Area",2.6,"Gainesville, GA Metro Area"
"Hinesville, GA Metro Area",3.8,"Hinesville, GA Metro Area"
"Macon-Bibb County, GA Metro Area",3.8,"Macon-Bibb County, GA Metro Area"
"Rome, GA Metro Area",3.2,"Rome, GA Metro Area"
"Savannah, GA Metro Area",2.9,"Savannah, GA Metro Area"
"Valdosta, GA Metro Area",3.6,"Valdosta, GA Metro Area"
"Warner Robins, GA Metro Area",3.0,"Warner Robins, GA Metro Area"
"Kahului-Wailuku, HI Metro Area",4.4,"Kahului-Wailuku, HI Metro Area"
"Urban Honolulu, HI Metro Area",2.6,"Urban Honolulu, HI Metro Area"
"Boise City, ID Metro Area",3.0,"Boise City, ID Metro Area"
"Coeur d'Alene, ID Metro Area",3.7,"Coeur d'Alene, ID Metro Area"
"Idaho Falls, ID Metro Area",2.7,"Idaho Falls, ID Metro Area"
"Lewiston, ID-WA Metro Area",3.1,"Lewiston, ID-WA Metro Area"
"Pocatello, ID Metro Area",3.5,"Pocatello, ID Metro Area"
"Twin Falls, ID Metro Area",3.2,"Twin Falls, ID Metro Area"
"Bloomington, IL Metro Area",3.7,"Bloomington, IL Metro Area"
"Champaign-Urbana, IL Metro Area",4.2,"Champaign-Urbana, IL Metro Area"
"Chicago-Naperville-Elgin, IL-IN Metro Area",4.4,"Chicago-Naperville-Elgin, IL-IN Metro Area"
"Decatur, IL Metro Area",6.1,"Decatur, IL Metro Area"
"Kankakee, IL Metro Area",5.9,"Kankakee, IL Metro Area"
"Peoria, IL Metro Area",4.9,"Peoria, IL Metro Area"
"Rockford, IL Metro Area",6.2,"Rockford, IL Metro Area"
"Springfield, IL Metro Area",4.3,"Springfield, IL Metro Area"
"Bloomington, IN Metro Area",3.0,"Bloomington, IN Metro Area"
"Columbus, IN Metro Area",3.2,"Columbus, IN Metro Area"
"Elkhart-Goshen, IN Metro Area",4.5,"Elkhart-Goshen, IN Metro Area"
"Evansville, IN Metro Area",3.2,"Evansville, IN Metro Area"
"Fort Wayne, IN Metro Area",3.1,"Fort Wayne, IN Metro Area"
"Indianapolis-Carmel-Greenwood, IN Metro Area",3.1,"Indianapolis-Carmel-Greenwood, IN Metro Area"
"Kokomo, IN Metro Area",5.0,"Kokomo, IN Metro Area"
"Lafayette-West Lafayette, IN Metro Area",2.9,"Lafayette-West Lafayette, IN Metro Area"
"Michigan City-La Porte, IN Metro Area",3.9,"Michigan City-La Porte, IN Metro Area"
"Muncie, IN Metro Area",3.9,"Muncie, IN Metro Area"
"South Bend-Mishawaka, IN-MI Metro Area",4.1,"South Bend-Mishawaka, IN-MI Metro Area"
"Terre Haute, IN Metro Area",3.6,"Terre Haute, IN Metro Area"
"Ames, IA Metro Area",2.3,"Ames, IA Metro Area"
"Cedar Rapids, IA Metro Area",3.3,"Cedar Rapids, IA Metro Area"
"Davenport-Moline-Rock Island, IA-IL Metro Area",4.3,"Davenport-Moline-Rock Island, IA-IL Metro Area"
"Des Moines-West Des Moines, IA Metro Area",2.7,"Des Moines-West Des Moines, IA Metro Area"
"Dubuque, IA Metro Area",3.0,"Dubuque, IA Metro Area"
"Iowa City, IA Metro Area",2.4,"Iowa City, IA Metro Area"
"Sioux City, IA-NE-SD Metro Area",2.8,"Sioux City, IA-NE-SD Metro Area"
"Waterloo-Cedar Falls, IA Metro Area",3.0,"Waterloo-Cedar Falls, IA Metro Area"
"Lawrence, KS Metro Area",2.6,"Lawrence, KS Metro Area"
"Manhattan, KS Metro Area",2.8,"Manhattan, KS Metro Area"
"Topeka, KS Metro Area",3.0,"Topeka, KS Metro Area"
"Wichita, KS Metro Area",3.1,"Wichita, KS Metro Area"
"Bowling Green, KY Metro Area",4.0,"Bowling Green, KY Metro Area"
"Elizabethtown, KY Metro Area",4.3,"Elizabethtown, KY Metro Area"
"Lexington-Fayette, KY Metro Area",3.6,"Lexington-Fayette, KY Metro Area"
"Louisville/Jefferson County, KY-IN Metro Area",3.8,"Louisville/Jefferson County, KY-IN Metro Area"
"Owensboro, KY Metro Area",4.3,"Owensboro, KY Metro Area"
"Paducah, KY-IL Metro Area",4.4,"Paducah, KY-IL Metro Area"
"Alexandria, LA Metro Area",3.5,"Alexandria, LA Metro Area"
"Baton Rouge, LA Metro Area",3.6,"Baton Rouge, LA Metro Area"
"Hammond, LA Metro Area",4.2,"Hammond, LA Metro Area"
"Houma-Bayou Cane-Thibodaux, LA Metro Area",3.2,"Houma-Bayou Cane-Thibodaux, LA Metro Area"
"Lafayette, LA Metro Area",3.2,"Lafayette, LA Metro Area"
"Lake Charles, LA Metro Area",3.8,"Lake Charles, LA Metro Area"
"Monroe, LA Metro Area",4.2,"Monroe, LA Metro Area"
"New Orleans-Metairie, LA Metro Area",3.9,"New Orleans-Metairie, LA Metro Area"
"Shreveport-Bossier City, LA Metro Area",3.8,"Shreveport-Bossier City, LA Metro Area"
"Slidell-Mandeville-Covington, LA Metro Area",3.2,"Slidell-Mandeville-Covington, LA Metro Area"
"Bangor, ME Metro Area",2.8,"Bangor, ME Metro Area"
"Lewiston-Auburn, ME Metro Area",2.7,"Lewiston-Auburn, ME Metro Area"
"Portland-South Portland, ME Metro Area",2.2,"Portland-South Portland, ME Metro Area"
"Baltimore-Columbia-Towson, MD Metro Area",2.2,"Baltimore-Columbia-Towson, MD Metro Area"
"Hagerstown-Martinsburg, MD-WV Metro Area",2.9,"Hagerstown-Martinsburg, MD-WV Metro Area"
"Lexington Park, MD Metro Area",2.0,"Lexington Park, MD Metro Area"
"Salisbury, MD Metro Area",2.6,"Salisbury, MD Metro Area"
"Amherst Town-Northampton, MA Metro Area",3.2,"Amherst Town-Northampton, MA Metro Area"
"Barnstable Town, MA Metro Area",4.4,"Barnstable Town, MA Metro Area"
"Boston-Cambridge-Newton, MA-NH Metro Area",3.2,"Boston-Cambridge-Newton, MA-NH Metro Area"
"Pittsfield, MA Metro Area",3.7,"Pittsfield, MA Metro Area"
"Springfield, MA Metro Area",4.5,"Springfield, MA Metro Area"
"Worcester, MA Metro Area",3.6,"Worcester, MA Metro Area"
"Ann Arbor, MI Metro Area",3.2,"Ann Arbor, MI Metro Area"
"Battle Creek, MI Metro Area",4.4,"Battle Creek, MI Metro Area"
"Bay City, MI Metro Area",5.0,"Bay City, MI Metro Area"
"Detroit-Warren-Dearborn, MI Metro Area",3.6,"Detroit-Warren-Dearborn, MI Metro Area"
"Flint, MI Metro Area",4.9,"Flint, MI Metro Area"
"Grand Rapids-Wyoming-Kentwood, MI Metro Area",3.4,"Grand Rapids-Wyoming-Kentwood, MI Metro Area"
"Jackson, MI Metro Area",4.2,"Jackson, MI Metro Area"
"Kalamazoo-Portage, MI Metro Area",3.6,"Kalamazoo-Portage, MI Metro Area"
"Lansing-East Lansing, MI Metro Area",3.8,"Lansing-East Lansing, MI Metro Area"
"Midland, MI Metro Area",3.8,"Midland, MI Metro Area"
"Monroe, MI Metro Area",4.3,"Monroe, MI Metro Area"
"Muskegon-Norton Shores, MI Metro Area",4.3,"Muskegon-Norton Shores, MI Metro Area"
"Niles, MI Metro Area",4.2,"Niles, MI Metro Area"
"Saginaw, MI Metro Area",5.2,"Saginaw, MI Metro Area"
"Traverse City, MI Metro Area",3.9,"Traverse City, MI Metro Area"
"Duluth, MN-WI Metro Area",3.4,"Duluth, MN-WI Metro Area"
"Mankato, MN Metro Area",2.3,"Mankato, MN Metro Area"
"Minneapolis-St. Paul-Bloomington, MN-WI Metro Area",2.6,"Minneapolis-St. Paul-Bloomington, MN-WI Metro Area"
"Rochester, MN Metro Area",2.4,"Rochester, MN Metro Area"
"St. Cloud, MN Metro Area",3.0,"St. Cloud, MN Metro Area"
"Gulfport-Biloxi, MS Metro Area",2.9,"Gulfport-Biloxi, MS Metro Area"
"Hattiesburg, MS Metro Area",2.8,"Hattiesburg, MS Metro Area"
"Jackson, MS Metro Area",2.8,"Jackson, MS Metro Area"
"Cape Girardeau, MO-IL Metro Area",2.9,"Cape Girardeau, MO-IL Metro Area"
"Columbia, MO Metro Area",2.7,"Columbia, MO Metro Area"
"Jefferson City, MO Metro Area",2.7,"Jefferson City, MO Metro Area"
"Joplin, MO-KS Metro Area",3.0,"Joplin, MO-KS Metro Area"
"Kansas City, MO-KS Metro Area",3.0,"Kansas City, MO-KS Metro Area"
"St. Joseph, MO-KS Metro Area",3.2,"St. Joseph, MO-KS Metro Area"
"St. Louis, MO-IL Metro Area",3.3,"St. Louis, MO-IL Metro Area"
"Springfield, MO Metro Area",2.8,"Springfield, MO Metro Area"
"Billings, MT Metro Area",2.4,"Billings, MT Metro Area"
"Bozeman, MT Metro Area",2.1,"Bozeman, MT Metro Area"
"Great Falls, MT Metro Area",2.7,"Great Falls, MT Metro Area"
"Helena, MT Metro Area",2.5,"Helena, MT Metro Area"
"Missoula, MT Metro Area",2.5,"Missoula, MT Metro Area"
"Grand Island, NE Metro Area",2.2,"Grand Island, NE Metro Area"
"Lincoln, NE Metro Area",2.1,"Lincoln, NE Metro Area"
"Omaha, NE-IA Metro Area",2.5,"Omaha, NE-IA Metro Area"
"Carson City, NV Metro Area",4.4,"Carson City, NV Metro Area"
"Las Vegas-Henderson-North Las Vegas, NV Metro Area",5.4,"Las Vegas-Henderson-North Las Vegas, NV Metro Area"
"Reno, NV Metro Area",4.5,"Reno, NV Metro Area"
"Manchester-Nashua, NH Metro Area",2.4,"Manchester-Nashua, NH Metro Area"
"Atlantic City-Hammonton, NJ Metro Area",5.9,"Atlantic City-Hammonton, NJ Metro Area"
"Trenton-Princeton, NJ Metro Area",4.1,"Trenton-Princeton, NJ Metro Area"
"Vineland, NJ Metro Area",6.7,"Vineland, NJ Metro Area"
"Albuquerque, NM Metro Area",3.4,"Albuquerque, NM Metro Area"
"Farmington, NM Metro Area",4.2,"Farmington, NM Metro Area"
"Las Cruces, NM Metro Area",4.3,"Las Cruces, NM Metro Area"
"Santa Fe, NM Metro Area",3.3,"Santa Fe, NM Metro Area"
"Albany-Schenectady-Troy, NY Metro Area",3.1,"Albany-Schenectady-Troy, NY Metro Area"
"Binghamton, NY Metro Area",3.6,"Binghamton, NY Metro Area"
"Buffalo-Cheektowaga, NY Metro Area",3.6,"Buffalo-Cheektowaga, NY Metro Area"
"Elmira, NY Metro Area",3.7,"Elmira, NY Metro Area"
"Glens Falls, NY Metro Area",3.3,"Glens Falls, NY Metro Area"
"Ithaca, NY Metro Area",3.1,"Ithaca, NY Metro Area"
"Kingston, NY Metro Area",3.4,"Kingston, NY Metro Area"
"Kiryas Joel-Poughkeepsie-Newburgh, NY Metro Area",3.3,"Kiryas Joel-Poughkeepsie-Newburgh, NY Metro Area"
"New York-Newark-Jersey City, NY-NJ Metro Area",4.3,"New York-Newark-Jersey City, NY-NJ Metro Area"
"Rochester, NY Metro Area",3.4,"Rochester, NY Metro Area"
"Syracuse, NY Metro Area",3.5,"Syracuse, NY Metro Area"
"Utica-Rome, NY Metro Area",3.6,"Utica-Rome, NY Metro Area"
"Watertown-Fort Drum, NY Metro Area",4.1,"Watertown-Fort Drum, NY Metro Area"
"Asheville, NC Metro Area",2.9,"Asheville, NC Metro Area"
"Burlington, NC Metro Area",3.5,"Burlington, NC Metro Area"
"Charlotte-Concord-Gastonia, NC-SC Metro Area",3.3,"Charlotte-Concord-Gastonia, NC-SC Metro Area"
"Durham-Chapel Hill, NC Metro Area",3.1,"Durham-Chapel Hill, NC Metro Area"
"Fayetteville, NC Metro Area",4.4,"Fayetteville, NC Metro Area"
"Goldsboro, NC Metro Area",3.7,"Goldsboro, NC Metro Area"
"Greensboro-High Point, NC Metro Area",3.9,"Greensboro-High Point, NC Metro Area"
"Greenville, NC Metro Area",4.1,"Greenville, NC Metro Area"
"Hickory-Lenoir-Morganton, NC Metro Area",3.3,"Hickory-Lenoir-Morganton, NC Metro Area"
"Jacksonville, NC Metro Area",3.7,"Jacksonville, NC Metro Area"
"Pinehurst-Southern Pines, NC Metro Area",3.5,"Pinehurst-Southern Pines, NC Metro Area"
"Raleigh-Cary, NC Metro Area",3.0,"Raleigh-Cary, NC Metro Area"
"Rocky Mount, NC Metro Area",4.8,"Rocky Mount, NC Metro Area"
"Wilmington, NC Metro Area",3.6,"Wilmington, NC Metro Area"
"Winston-Salem, NC Metro Area",3.5,"Winston-Salem, NC Metro Area"
"Bismarck, ND Metro Area",2.0,"Bismarck, ND Metro Area"
"Fargo, ND-MN Metro Area",1.9,"Fargo, ND-MN Metro Area"
"Grand Forks, ND-MN Metro Area",2.2,"Grand Forks, ND-MN Metro Area"
"Minot, ND Metro Area",2.1,"Minot, ND Metro Area"
"Akron, OH Metro Area",3.7,"Akron, OH Metro Area"
"Canton-Massillon, OH Metro Area",3.9,"Canton-Massillon, OH Metro Area"
"Cincinnati, OH-KY-IN Metro Area",3.5,"Cincinnati, OH-KY-IN Metro Area"
"Cleveland, OH Metro Area",3.7,"Cleveland, OH Metro Area"
"Columbus, OH Metro Area",3.3,"Columbus, OH Metro Area"
"Dayton-Kettering-Beavercreek, OH Metro Area",3.7,"Dayton-Kettering-Beavercreek, OH Metro Area"
"Lima, OH Metro Area",3.8,"Lima, OH Metro Area"
"Mansfield, OH Metro Area",4.3,"Mansfield, OH Metro Area"
"Sandusky, OH Metro Area",4.8,"Sandusky, OH Metro Area"
"Springfield, OH Metro Area",3.8,"Springfield, OH Metro Area"
"Toledo, OH Metro Area",4.1,"Toledo, OH Metro Area"
"Weirton-Steubenville, WV-OH Metro Area",5.0,"Weirton-Steubenville, WV-OH Metro Area"
"Youngstown-Warren, OH Metro Area",4.3,"Youngstown-Warren, OH Metro Area"
"Enid, OK Metro Area",3.0,"Enid, OK Metro Area"
"Lawton, OK Metro Area",3.7,"Lawton, OK Metro Area"
"Oklahoma City, OK Metro Area",3.0,"Oklahoma City, OK Metro Area"
"Tulsa, OK Metro Area",3.2,"Tulsa, OK Metro Area"
"Albany, OR Metro Area",4.1,"Albany, OR Metro Area"
"Bend, OR Metro Area",3.9,"Bend, OR Metro Area"
"Corvallis, OR Metro Area",3.2,"Corvallis, OR Metro Area"
"Eugene-Springfield, OR Metro Area",3.9,"Eugene-Springfield, OR Metro Area"
"Grants Pass, OR Metro Area",5.3,"Grants Pass, OR Metro Area"
"Medford, OR Metro Area",4.4,"Medford, OR Metro Area"
"Portland-Vancouver-Hillsboro, OR-WA Metro Area",3.5,"Portland-Vancouver-Hillsboro, OR-WA Metro Area"
"Salem, OR Metro Area",3.7,"Salem, OR Metro Area"
"Allentown-Bethlehem-Easton, PA-NJ Metro Area",4.0,"Allentown-Bethlehem-Easton, PA-NJ Metro Area"
"Altoona, PA Metro Area",3.7,"Altoona, PA Metro Area"
"Chambersburg, PA Metro Area",3.1,"Chambersburg, PA Metro Area"
"Erie, PA Metro Area",4.1,"Erie, PA Metro Area"
"Gettysburg, PA Metro Area",3.0,"Gettysburg, PA Metro Area"
"Harrisburg-Carlisle, PA Metro Area",3.2,"Harrisburg-Carlisle, PA Metro Area"
"Johnstown, PA Metro Area",4.4,"Johnstown, PA Metro Area"
"Lancaster, PA Metro Area",2.9,"Lancaster, PA Metro Area"
"Lebanon, PA Metro Area",3.1,"Lebanon, PA Metro Area"
"Philadelphia-Camden-Wilmington, PA-NJ-DE-MD Metro Area",3.7,"Philadelphia-Camden-Wilmington, PA-NJ-DE-MD Metro Area"
"Pittsburgh, PA Metro Area",3.7,"Pittsburgh, PA Metro Area"
"Reading, PA Metro Area",3.7,"Reading, PA Metro Area"
"Scranton--Wilkes-Barre, PA Metro Area",4.4,"Scranton--Wilkes-Barre, PA Metro Area"
"State College, PA Metro Area",2.9,"State College, PA Metro Area"
"Williamsport, PA Metro Area",4.0,"Williamsport, PA Metro Area"
"York-Hanover, PA Metro Area",3.2,"York-Hanover, PA Metro Area"
"Providence-Warwick, RI-MA Metro Area",3.4,"Providence-Warwick, RI-MA Metro Area"
"Charleston-North Charleston, SC Metro Area",2.5,"Charleston-North Charleston, SC Metro Area"
"Columbia, SC Metro Area",2.9,"Columbia, SC Metro Area"
"Florence, SC Metro Area",3.3,"Florence, SC Metro Area"
"Greenville-Anderson-Greer, SC Metro Area",2.7,"Greenville-Anderson-Greer, SC Metro Area"
"Hilton Head Island-Bluffton-Port Royal, SC Metro Area",2.7,"Hilton Head Island-Bluffton-Port Royal, SC Metro Area"
"Myrtle Beach-Conway-North Myrtle Beach, SC Metro Area",3.5,"Myrtle Beach-Conway-North Myrtle Beach, SC Metro Area"
"Spartanburg, SC Metro Area",3.1,"Spartanburg, SC Metro Area"
"Sumter, SC Metro Area",3.8,"Sumter, SC Metro Area"
"Rapid City, SD Metro Area",1.8,"Rapid City, SD Metro Area"
"Sioux Falls, SD-MN Metro Area",1.7,"Sioux Falls, SD-MN Metro Area"
"Chattanooga, TN-GA Metro Area",3.0,"Chattanooga, TN-GA Metro Area"
"Clarksville, TN-KY Metro Area",3.9,"Clarksville, TN-KY Metro Area"
"Cleveland, TN Metro Area",3.5,"Cleveland, TN Metro Area"
"Jackson, TN Metro Area",3.5,"Jackson, TN Metro Area"
"Johnson City, TN Metro Area",3.3,"Johnson City, TN Metro Area"
"Kingsport-Bristol, TN-VA Metro Area",3.4,"Kingsport-Bristol, TN-VA Metro Area"
"Knoxville, TN Metro Area",3.0,"Knoxville, TN Metro Area"
"Memphis, TN-MS-AR Metro Area",3.8,"Memphis, TN-MS-AR Metro Area"
"Morristown, TN Metro Area",3.5,"Morristown, TN Metro Area"
"Nashville-Davidson--Murfreesboro--Franklin, TN Metro Area",2.6,"Nashville-Davidson--Murfreesboro--Franklin, TN Metro Area"
"Abilene, TX Metro Area",3.5,"Abilene, TX Metro Area"
"Amarillo, TX Metro Area",3.1,"Amarillo, TX Metro Area"
"Austin-Round Rock-San Marcos, TX Metro Area",3.5,"Austin-Round Rock-San Marcos, TX Metro Area"
"Beaumont-Port Arthur, TX Metro Area",5.5,"Beaumont-Port Arthur, TX Metro Area"
"Brownsville-Harlingen, TX Metro Area",5.3,"Brownsville-Harlingen, TX Metro Area"
"College Station-Bryan, TX Metro Area",3.4,"College Station-Bryan, TX Metro Area"
"Corpus Christi, TX Metro Area",4.3,"Corpus Christi, TX Metro Area"
"Dallas-Fort Worth-Arlington, TX Metro Area",3.8,"Dallas-Fort Worth-Arlington, TX Metro Area"
"Eagle Pass, TX Metro Area",7.5,"Eagle Pass, TX Metro Area"
"El Paso, TX Metro Area",4.3,"El Paso, TX Metro Area"
"Houston-Pasadena-The Woodlands, TX Metro Area",4.2,"Houston-Pasadena-The Woodlands, TX Metro Area"
"Killeen-Temple, TX Metro Area",4.3,"Killeen-Temple, TX Metro Area"
"Laredo, TX Metro Area",4.1,"Laredo, TX Metro Area"
"Longview, TX Metro Area",4.4,"Longview, TX Metro Area"
"Lubbock, TX Metro Area",3.4,"Lubbock, TX Metro Area"
"McAllen-Edinburg-Mission, TX Metro Area",6.1,"McAllen-Edinburg-Mission, TX Metro Area"
"Midland, TX Metro Area",2.8,"Midland, TX Metro Area"
"Odessa, TX Metro Area",3.4,"Odessa, TX Metro Area"
"San Angelo, TX Metro Area",3.2,"San Angelo, TX Metro Area"
"San Antonio-New Braunfels, TX Metro Area",3.7,"San Antonio-New Braunfels, TX Metro Area"
"Sherman-Denison, TX Metro Area",3.8,"Sherman-Denison, TX Metro Area"
"Texarkana, TX-AR Metro Area",4.0,"Texarkana, TX-AR Metro Area"
"Tyler, TX Metro Area",3.7,"Tyler, TX Metro Area"
"Victoria, TX Metro Area",4.0,"Victoria, TX Metro Area"
"Waco, TX Metro Area",3.8,"Waco, TX Metro Area"
"Wichita Falls, TX Metro Area",3.7,"Wichita Falls, TX Metro Area"
"Logan, UT-ID Metro Area",2.4,"Logan, UT-ID Metro Area"
"Ogden, UT Metro Area",2.5,"Ogden, UT Metro Area"
"Provo-Orem-Lehi, UT Metro Area",2.7,"Provo-Orem-Lehi, UT Metro Area"
"St. George, UT Metro Area",2.9,"St. George, UT Metro Area"
"Salt Lake City-Murray, UT Metro Area",2.7,"Salt Lake City-Murray, UT Metro Area"
"Burlington-South Burlington, VT Metro Area",1.6,"Burlington-South Burlington, VT Metro Area"
"Blacksburg-Christiansburg-Radford, VA Metro Area",2.8,"Blacksburg-Christiansburg-Radford, VA Metro Area"
"Charlottesville, VA Metro Area",2.5,"Charlottesville, VA Metro Area"
"Harrisonburg, VA Metro Area",2.6,"Harrisonburg, VA Metro Area"
"Lynchburg, VA Metro Area",3.1,"Lynchburg, VA Metro Area"
"Richmond, VA Metro Area",2.8,"Richmond, VA Metro Area"
"Roanoke, VA Metro Area",2.7,"Roanoke, VA Metro Area"
"Staunton-Stuarts Draft, VA Metro Area",2.4,"Staunton-Stuarts Draft, VA Metro Area"
"Virginia Beach-Chesapeake-Norfolk, VA-NC Metro Area",2.9,"Virginia Beach-Chesapeake-Norfolk, VA-NC Metro Area"
"Winchester, VA-WV Metro Area",2.6,"Winchester, VA-WV Metro Area"
"Bellingham, WA Metro Area",4.0,"Bellingham, WA Metro Area"
"Bremerton-Silverdale-Port Orchard, WA Metro Area",4.1,"Bremerton-Silverdale-Port Orchard, WA Metro Area"
"Kennewick-Richland, WA Metro Area",4.8,"Kennewick-Richland, WA Metro Area"
"Longview-Kelso, WA Metro Area",4.8,"Longview-Kelso, WA Metro Area"
"Mount Vernon-Anacortes, WA Metro Area",4.5,"Mount Vernon-Anacortes, WA Metro Area"
"Olympia-Lacey-Tumwater, WA Metro Area",4.1,"Olympia-Lacey-Tumwater, WA Metro Area"
"Seattle-Tacoma-Bellevue, WA Metro Area",4.0,"Seattle-Tacoma-Bellevue, WA Metro Area"
"Spokane-Spokane Valley, WA Metro Area",4.2,"Spokane-Spokane Valley, WA Metro Area"
"Walla Walla, WA Metro Area",3.9,"Walla Walla, WA Metro Area"
"Wenatchee-East Wenatchee, WA Metro Area",4.5,"Wenatchee-East Wenatchee, WA Metro Area"
"Yakima, WA Metro Area",5.6,"Yakima, WA Metro Area"
"Beckley, WV Metro Area",3.9,"Beckley, WV Metro Area"
"Charleston, WV Metro Area",3.7,"Charleston, WV Metro Area"
"Huntington-Ashland, WV-KY-OH Metro Area",4.5,"Huntington-Ashland, WV-KY-OH Metro Area"
"Morgantown, WV Metro Area",3.3,"Morgantown, WV Metro Area"
"Parkersburg-Vienna, WV Metro Area",4.1,"Parkersburg-Vienna, WV Metro Area"
"Wheeling, WV-OH Metro Area",4.4,"Wheeling, WV-OH Metro Area"
"Appleton, WI Metro Area",2.3,"Appleton, WI Metro Area"
"Eau Claire, WI Metro Area",2.8,"Eau Claire, WI Metro Area"
"Fond du Lac, WI Metro Area",2.5,"Fond du Lac, WI Metro Area"
"Green Bay, WI Metro Area",2.5,"Green Bay, WI Metro Area"
"Janesville-Beloit, WI Metro Area",3.2,"Janesville-Beloit, WI Metro Area"
"Kenosha, WI Metro Area",3.1,"Kenosha, WI Metro Area"
"La Crosse-Onalaska, WI-MN Metro Area",2.5,"La Crosse-Onalaska, WI-MN Metro Area"
"Madison, WI Metro Area",2.2,"Madison, WI Metro Area"
"Milwaukee-Waukesha, WI Metro Area",3.0,"Milwaukee-Waukesha, WI Metro Area"
"Oshkosh-Neenah, WI Metro Area",2.5,"Oshkosh-Neenah, WI Metro Area"
"Racine-Mount Pleasant, WI Metro Area",3.2,"Racine-Mount Pleasant, WI Metro Area"
"Sheboygan, WI Metro Area",2.3,"Sheboygan, WI Metro Area"
"Wausau, WI Metro Area",2.5,"Wausau, WI Metro Area"
"Casper, WY Metro Area",3.0,"Casper, WY Metro Area"
"Cheyenne, WY Metro Area",3.0,"Cheyenne, WY Metro Area"
